Sr.No	Latitude	Longitude	State District
1	30.968714	77.200468	Solan
2	30.968714	77.200468	Solan
3	31.106885	76.748896	Solan
4	30.909024	77.100965	Solan
5	30.90828	77.102095	Solan
6	30.905287	77.099433	Solan
7	30.905287	77.099433	Solan
8	31.046034	76.715934	Solan
9	31.046118	76.715807	Solan
10	31.045867	76.715792	Solan
11	30.907529	77.101783	Solan
12	31.045535	76.715753	Solan
13	31.045676	76.715639	Solan
14	31.04595	76.716033	Solan
15	31.046272	76.716549	Solan
16	31.04627	76.716576	Solan
17	31.046109	76.717959	Solan
18	31.045942	76.717357	Solan
19	31.045966	76.717259	Solan
20	31.045695	76.717603	Solan
21	31.0045488	76.7179	Solan
22	31.045244	76.718095	Solan
23	31.045434	76.718076	Solan
24	31.04529	76.718214	Solan
25	30.908865	77.100789	Solan
26	30.90868	77.101031	Solan
27	30.908776	77.102747	Solan
28	30.908709	77.102368	Solan
29	30.9082	77.101877	Solan
30	30.908095	77.102197	Solan
31	30.908787	77.102821	Solan
32	30.907445	77.111476	Solan
33	30.907172	77.111449	Solan
34	30.906714	77.111803	Solan
35	30.906026	77.111724	Solan
36	30.90326	77.112125	Solan
37	30.908217	77.109046	Solan
38	30.907992	77.110596	Solan
39	30.906445	77.111976	Solan
40	30.903366	77.112798	Solan
41	30.903365	77.112304	Solan
42	30.903778	77.10794	Solan
43	30.916579	77.10303	Solan
44	30.905344	76.839701	Solan
45	30.90529	76.839661	Solan
46	30.969444	77.071394	Solan
47	30.9995	77.045698	Solan
48	30.9986	77.048143	Solan
49	30.99976	77.045673	Solan
50	30.966142	77.067696	Solan
51	31.041927	76.69934	Solan
52	30.998793	77.045291	Solan
53	30.999234	77.045495	Solan
54	30.999178	77.045569	Solan
55	30.997564	77.046217	Solan
56	30.999793	77.044013	Solan
57	30.999193	77.045315	Solan
58	31.138917	76.995227	Solan
59	31.050182	76.705267	Solan
60	31.049404	76.704355	Solan
61	31.049578	76.705488	Solan
62	31.050045	76.704157	Solan
63	31.049573	76.70499	Solan
64	31.049836	76.704744	Solan
65	31.049792	76.703796	Solan
66	31.04997	76.703828	Solan
67	31.050349	76.703507	Solan
68	31.050351	76.703514	Solan
69	31.050327	76.703238	Solan
70	31.050707	76.703017	Solan
71	31.050513	76.703298	Solan
72	31.049698	76.704912	Solan
73	31.049152	76.70466	Solan
74	31.048027	76.707508	Solan
75	31.043412	76.733321	Solan
76	31.043384	76.733378	Solan
77	31.043502	76.733295	Solan
78	31.043527	76.733362	Solan
79	31.043295	76.73332	Solan
80	31.043297	76.733318	Solan
81	31.045043	76.718355	Solan
82	31.043667	76.733475	Solan
83	31.043573	76.73333	Solan
84	31.043468	76.733362	Solan
85	31.043532	76.733428	Solan
86	31.043578	76.7333	Solan
87	31.043427	76.733359	Solan
88	30.966277	77.06751	Solan
89	30.966215	77.067649	Solan
90	30.966272	77.067779	Solan
91	31.047589	76.705185	Solan
92	31.050384	76.707053	Solan
93	30.966272	77.067779	Solan
94	31.192766	76.886593	Solan
95	30.967242	77.068048	Solan
96	30.868892	77.145756	Solan
97	30.868888	77.145771	Solan
98	30.86889	77.145766	Solan
99	30.868933	77.145726	Solan
100	30.868976	77.145724	Solan
101	30.868906	77.145753	Solan
102	30.868965	77.145709	Solan
103	30.869099	77.14562	Solan
104	30.869131	77.145629	Solan
105	30.86908	77.145588	Solan
106	30.868882	77.145772	Solan
107	30.868749	77.146642	Solan
108	30.868871	77.145776	Solan
109	30.868808	77.146704	Solan
110	30.868924	77.147423	Solan
111	30.868791	77.146685	Solan
112	30.869007	77.147271	Solan
113	30.869305	77.147805	Solan
114	30.869173	77.147835	Solan
115	30.869037	77.147435	Solan
116	31.029286	76.705229	Solan
117	30.966155	77.067817	Solan
118	30.966453	77.067539	Solan
119	31.029381	76.705296	Solan
120	31.029349	76.705292	Solan
121	31.04982	76.720027	Solan
122	30.90844	77.097094	Solan
123	30.908534	77.097177	Solan
124	30.908508	77.097173	Solan
125	30.907922	77.097609	Solan
126	30.908484	77.0997175	Solan
127	30.907952	77.098216	Solan
128	30.908802	77.098714	Solan
129	30.868711	77.146	Solan
130	30.907991	77.098262	Solan
131	30.869554	77.147465	Solan
132	30.869995	77.146912	Solan
133	30.869818	77.14704	Solan
134	30.869823	77.14686	Solan
135	30.869835	77.147043	Solan
136	30.869799	77.147052	Solan
137	30.869689	77.147018	Solan
138	30.869808	77.147023	Solan
139	30.869299	77.147804	Solan
140	30.869318	77.14778	Solan
141	30.869127	77.147854	Solan
142	30.908543	77.09718	Solan
143	30.908417	77.097083	Solan
144	30.908556	77.0971	Solan
145	30.866959	77.145446	Solan
146	30.866627	77.145346	Solan
147	30.867008	77.145591	Solan
148	30.867014	77.145505	Solan
149	30.868746	77.145545	Solan
150	30.867448	77.145284	Solan
151	30.867469	77.144942	Solan
152	30.867711	77.144941	Solan
153	30.866123	77.145162	Solan
154	30.866469	77.145399	Solan
155	30.866499	77.145463	Solan
156	30.867402	77.145211	Solan
157	30.867417	77.145431	Solan
158	30.867575	77.145137	Solan
159	30.867373	77.145446	Solan
160	30.867264	77.145431	Solan
161	30.867216	77.145445	Solan
162	30.866613	77.145573	Solan
163	30.866548	77.145459	Solan
164	30.866502	77.145271	Solan
165	30.857988	77.131224	Solan
166	30.867336	77.145402	Solan
167	30.867146	77.145384	Solan
168	30.866478	77.145308	Solan
169	30.866501	77.145271	Solan
170	30.867938	77.145308	Solan
171	30.86769	77.144924	Solan
172	30.866448	77.145457	Solan
173	30.867462	77.145273	Solan
174	30.858178	77.132008	Solan
175	30.858081	77.131929	Solan
176	31.049802	76.720106	Solan
177	31.049838	76.720002	Solan
178	31.140574	76.932903	Solan
179	30.998164	76.95559	Solan
180	31.029342	76.705277	Solan
181	31.029175	76.704533	Solan
182	31.046598	76.703241	Solan
183	31.047526	76.705918	Solan
184	31.047447	76.705287	Solan
185	31.048308	76.705624	Solan
186	31.048702	76.7748	Solan
187	31.049106	76.774368	Solan
188	31.033608	76.770261	Solan
189	31.04851	76.774916	Solan
190	31.048686	76.774822	Solan
191	31.049837	76.720508	Solan
192	31.02856	76.704378	Solan
193	30.968079	77.20076	Solan
194	31.040166	76.749327	Solan
195	31.028566	76.704361	Solan
196	31.031498	76.7575	Solan
197	31.049142	76.725249	Solan
198	31.04913	76.725475	Solan
199	30.968735	77.204758	Solan
200	30.969168	77.204091	Solan
201	30.968605	77.204636	Solan
202	30.968523	77.204666	Solan
203	31.048308	76.705624	Solan
204	30.968485	77.201042	Solan
205	30.968809	77.204651	Solan
206	30.968079	77.20076	Solan
207	31.040166	76.749327	Solan
208	30.969143	77.204559	Solan
209	30.969143	77.204582	Solan
210	30.969105	77.204506	Solan
211	30.969463	77.205414	Solan
212	30.969137	77.204514	Solan
213	31.028539	76.704402	Solan
214	31.02867	76.704349	Solan
215	31.02856	76.704378	Solan
216	31.028109	76.703929	Solan
217	31.028696	76.704435	Solan
218	31.028566	76.704361	Solan
219	31.028561	76.70438	Solan
220	31.036246	76.736912	Solan
221	31.03681	76.737204	Solan
222	31.036833	76.737195	Solan
223	31.036811	76.73724	Solan
224	31.036896	76.737299	Solan
225	31.041403	76.740325	Solan
226	31.036307	76.737673	Solan
227	31.036833	76.737195	Solan
228	31.036812	76.737203	Solan
229	31.036972	76.737232	Solan
230	30.968506	77.204674	Solan
231	30.968508	77.20443	Solan
232	30.968788	77.204399	Solan
233	30.968788	77.204399	Solan
234	31.106956	76.635758	Solan
235	30.929011	77.114844	Solan
236	30.929078	77.115185	Solan
237	30.945589	77.113085	Solan
238	30.908001	77.108627	Solan
239	30.90778	77.10877	Solan
240	30.904405	77.092422	Solan
241	30.945495	77.113157	Solan
242	30.94543	77.113207	Solan
243	30.954545	77.115976	Solan
244	30.94524	77.113225	Solan
245	30.947562	77.109556	Solan
246	30.945212	77.11322	Solan
247	30.948904	77.108919	Solan
248	30.947532	77.109589	Solan
249	30.895128	77.068968	Solan
250	30.968837	77.203128	Solan
251	30.895252	77.068971	Solan
252	30.895429	77.067981	Solan
253	30.895548	77.067085	Solan
254	30.895413	77.068065	Solan
255	30.895246	77.068882	Solan
256	30.895367	77.06883	Solan
257	30.895273	77.068842	Solan
258	30.89531	77.068434	Solan
259	30.89522	77.06872	Solan
260	30.896095	77.067133	Solan
261	30.88872	77.067164	Solan
262	30.895519	77.068086	Solan
263	30.895831	77.06695	Solan
264	30.895238	77.068686	Solan
265	30.895899	77.067045	Solan
266	30.895187	77.068368	Solan
267	30.895146	77.068403	Solan
268	30.894623	77.070657	Solan
269	30.878089	77.095477	Solan
270	30.895075	77.068512	Solan
271	30.895395	77.068111	Solan
272	30.895568	77.068095	Solan
273	30.895249	77.068943	Solan
274	30.895249	77.069025	Solan
275	30.897963	77.069901	Solan
276	30.895458	77.067955	Solan
277	30.895761	77.066881	Solan
278	30.89585919	77.06693673	Solan
279	30.89583551	77.06700675	Solan
280	30.89547464	77.06739669	Solan
281	30.89541499	77.06807388	Solan
282	30.89519916	77.06830104	Solan
283	30.89509806	77.06862597	Solan
284	30.89510503	77.0685834	Solan
285	30.89545493	77.06741077	Solan
286	30.895442	77.06836	Solan
287	30.895746	77.066152	Solan
288	30.895565	77.066858	Solan
289	30.895813	77.066164	Solan
290	30.89524	77.069098	Solan
291	30.895567	77.068687	Solan
292	30.89523	77.068053	Solan
293	30.895718	77.068422	Solan
294	30.895008	77.068429	Solan
295	30.895691	77.068271	Solan
296	30.894817	77.068322	Solan
297	30.893541	77.066397	Solan
298	30.895023	77.065518	Solan
299	30.894297	77.066491	Solan
300	30.894286	77.066793	Solan
301	30.895322	77.068492	Solan
302	30.895424	77.068618	Solan
303	30.895707	77.068933	Solan
304	30.895814	77.068385	Solan
305	30.89549	77.068202	Solan
306	30.895151	77.069238	Solan
307	30.89595	77.067048	Solan
308	30.894623	77.070657	Solan
309	30.895018	77.06844	Solan
310	30.89524	77.069098	Solan
311	30.895532	77.068793	Solan
312	30.895479	77.068539	Solan
313	30.895212	77.068795	Solan
314	30.895239	77.069077	Solan
315	30.893223	77.074254	Solan
316	30.895494	77.068634	Solan
317	30.894966	77.068526	Solan
318	30.895554	77.06912	Solan
319	30.895443	77.068648	Solan
320	30.895366	77.069017	Solan
321	30.895592	77.069428	Solan
322	30.893223	77.074254	Solan
323	30.895571	77.069578	Solan
324	30.895345	77.069002	Solan
325	30.895376	77.069091	Solan
326	30.895284	77.068921	Solan
327	30.895571	77.069578	Solan
328	30.895571	77.069578	Solan
329	30.895356	77.069	Solan
330	30.895342	77.068994	Solan
331	30.895571	77.069578	Solan
332	30.897967	77.0699	Solan
333	30.895128	77.069135	Solan
334	30.968828	77.20462	Solan
335	31.029194	76.708838	Solan
336	30.96818	77.204559	Solan
337	30.968712	77.204384	Solan
338	31.122677	76.65575	Solan
339	31.12261	76.655646	Solan
340	31.122734	76.655786	Solan
341	31.122647	76.655628	Solan
342	31.125802	76.655667	Solan
343	31.122773	76.6557	Solan
344	31.122807	76.65569	Solan
345	31.122823	76.655687	Solan
346	31.122625	76.655622	Solan
347	31.1226	76.655675	Solan
348	31.122724	76.655825	Solan
349	30.950895	76.954873	Solan
350	30.95063	76.954724	Solan
351	30.950605	76.954754	Solan
352	30.969846	76.953603	Solan
353	30.967829	76.959293	Solan
354	30.967972	76.95315	Solan
355	30.969441	76.95332	Solan
356	30.950609	76.954717	Solan
357	30.950584	76.954819	Solan
358	30.912839	77.147651	Solan
359	30.91343	77.147771	Solan
360	30.946117	77.113168	Solan
361	30.9533	77.107306	Solan
362	30.945333	77.113392	Solan
363	30.953191	77.107338	Solan
364	30.953357	77.107431	Solan
365	30.953251	77.107029	Solan
366	30.953264	77.107041	Solan
367	30.953245	77.107038	Solan
368	30.953246	77.107057	Solan
369	30.953236	77.107061	Solan
370	30.9533	77.10729	Solan
371	30.95331	77.107208	Solan
372	30.95327	77.10723	Solan
373	30.953273	77.107208	Solan
374	30.953274	77.107208	Solan
375	30.953271	77.107182	Solan
376	30.953273	77.107214	Solan
377	30.953271	77.107219	Solan
378	30.953246	77.10722	Solan
379	30.95327	77.10724	Solan
380	30.945187	77.107309	Solan
381	30.953198	77.107378	Solan
382	30.953213	77.107392	Solan
383	30.953247	77.107382	Solan
384	30.953217	77.107175	Solan
385	30.945267	77.107159	Solan
386	30.946353	77.113167	Solan
387	30.945339	77.113401	Solan
388	30.946168	77.113235	Solan
389	30.946159	77.11315	Solan
390	30.945965	77.11323	Solan
391	30.945862	77.11325	Solan
392	30.945829	77.113209	Solan
393	30.945685	77.113174	Solan
394	30.945689	77.113165	Solan
395	30.945301	77.113401	Solan
396	30.945405	77.113356	Solan
397	30.94521	77.113307	Solan
398	30.945206	77.113256	Solan
399	30.95325	77.10695	Solan
400	30.953276	77.106784	Solan
401	30.953257	77.106833	Solan
402	30.953263	77.106998	Solan
403	30.953253	77.106988	Solan
404	30.953252	77.106963	Solan
405	30.953263	77.10689	Solan
406	30.953259	77.106729	Solan
407	30.953245	77.1067	Solan
408	30.953302	77.106894	Solan
409	30.953253	77.106795	Solan
410	30.953301	77.106542	Solan
411	30.954361	77.106728	Solan
412	30.953328	77.106851	Solan
413	30.953259	77.106834	Solan
414	30.953294	77.106845	Solan
415	30.953309	77.106883	Solan
416	30.953325	77.106906	Solan
417	30.953306	77.106788	Solan
418	30.95329	77.106679	Solan
419	30.953332	77.106874	Solan
420	30.953327	77.106879	Solan
421	30.954314	77.10685	Solan
422	30.954271	77.106844	Solan
423	30.953267	77.106825	Solan
424	30.954281	77.106792	Solan
425	30.953272	77.106823	Solan
426	30.953322	77.106714	Solan
427	30.953354	77.106622	Solan
428	30.95331	77.106701	Solan
429	30.953258	77.106804	Solan
430	30.953263	77.106813	Solan
431	30.953278	77.106805	Solan
432	30.953243	77.106832	Solan
433	30.95327	77.106854	Solan
434	30.953188	77.106751	Solan
435	30.953585	77.106817	Solan
436	30.953292	77.106718	Solan
437	30.953252	77.106796	Solan
438	30.953263	77.10681	Solan
439	30.953273	77.106805	Solan
440	30.95327	77.106796	Solan
441	30.95327	77.106795	Solan
442	30.988874	77.1650262	Solan
443	30.896963	77.067125	Solan
444	30.90118	77.05947	Solan
445	30.901345	77.060584	Solan
446	30.901119	77.060903	Solan
447	30.895848	77.066909	Solan
448	30.896126	77.067161	Solan
449	30.901356	77.061538	Solan
450	30.901551	77.061242	Solan
451	30.901456	77.060728	Solan
452	30.901599	77.059056	Solan
453	30.901593	77.059139	Solan
454	30.901379	77.058975	Solan
455	30.901399	77.058991	Solan
456	30.901163	77.059866	Solan
457	30.901176	77.059842	Solan
458	30.901202	77.059888	Solan
459	30.901188	77.059887	Solan
460	30.901173	77.059904	Solan
461	30.901226	77.060021	Solan
462	30.901205	77.060043	Solan
463	30.901305	77.059953	Solan
464	30.901223	77.060022	Solan
465	30.901208	77.059848	Solan
466	30.901332	77.060476	Solan
467	30.901376	77.060782	Solan
468	30.901259	77.060714	Solan
469	30.901149	77.060749	Solan
470	30.901214	77.060612	Solan
471	30.901168	77.060614	Solan
472	30.901344	77.060402	Solan
473	30.901311	77.060958	Solan
474	30.901323	77.060939	Solan
475	30.901338	77.060912	Solan
476	30.901356	77.060909	Solan
477	30.901356	77.060909	Solan
478	30.901356	77.060909	Solan
479	30.895889	77.067068	Solan
480	30.895854	77.067012	Solan
481	30.895844	77.067012	Solan
482	30.895833	77.066999	Solan
483	30.895811	77.066997	Solan
484	30.895818	77.066983	Solan
485	30.895814	77.066997	Solan
486	30.89574	77.067088	Solan
487	30.895492	77.067726	Solan
488	30.895325	77.068454	Solan
489	30.88902	77.067347	Solan
490	30.895321	77.068565	Solan
491	30.895707	77.067897	Solan
492	30.901504	77.061334	Solan
493	30.901113	77.06092	Solan
494	30.901596	77.059154	Solan
495	30.901477	77.060694	Solan
496	30.896751	77.067181	Solan
497	30.896747	77.067196	Solan
498	30.896049	77.06714	Solan
499	30.99589	77.093056	Solan
500	30.995666	77.092978	Solan
501	30.995898	77.09305	Solan
502	30.995493	77.092839	Solan
503	30.995492	77.092844	Solan
504	30.995897	77.093054	Solan
505	31.16651	76.702265	Solan
506	30.945378	77.113476	Solan
507	30.945384	77.113014	Solan
508	30.94539	77.113015	Solan
509	30.945482	77.11299	Solan
510	30.94537	77.113078	Solan
511	30.94538	77.113044	Solan
512	30.945397	77.113055	Solan
513	30.945394	77.113046	Solan
514	30.945403	77.113032	Solan
515	30.945407	77.113048	Solan
516	30.945403	77.11306	Solan
517	30.945407	77.113072	Solan
518	30.945416	77.113084	Solan
519	30.945451	77.113499	Solan
520	30.945348	77.113289	Solan
521	30.945575	77.113423	Solan
522	30.945576	77.113445	Solan
523	30.947653	77.11356	Solan
524	30.947987	77.114146	Solan
525	30.948001	77.114175	Solan
526	30.948002	77.114345	Solan
527	30.948618	77.114695	Solan
528	30.946217	77.114753	Solan
529	30.946217	77.114764	Solan
530	30.946232	77.114758	Solan
531	30.946219	77.11471	Solan
532	30.946103	77.114729	Solan
533	30.946202	77.114642	Solan
534	30.946174	77.114405	Solan
535	30.946023	77.114297	Solan
536	30.946018	77.114202	Solan
537	30.94604	77.114152	Solan
538	30.945975	77.114036	Solan
539	30.945969	77.114022	Solan
540	30.945882	77.113942	Solan
541	30.945608	77.113636	Solan
542	30.945685	77.113635	Solan
543	30.945418	77.11351	Solan
544	30.945102	77.113113	Solan
545	30.945456	77.1135	Solan
546	30.945444	77.113493	Solan
547	30.945452	77.113488	Solan
548	30.945415	77.113486	Solan
549	30.945366	77.113456	Solan
550	30.945353	77.113436	Solan
551	30.945314	77.113386	Solan
552	30.945315	77.113419	Solan
553	30.945388	77.113471	Solan
554	30.945396	77.113473	Solan
555	30.945425	77.113521	Solan
556	30.94675	77.114831	Solan
557	30.945954	77.11405	Solan
558	30.945344	77.113226	Solan
559	30.945351	77.113164	Solan
560	31.040208	76.7493	Solan
561	30.988983	77.150132	Solan
562	31.014903	76.937092	Solan
563	30.968748	76.953595	Solan
564	30.967831	76.95297	Solan
565	30.969085	77.203046	Solan
566	31.029135	76.705454	Solan
567	31.046193	76.736522	Solan
568	31.063211	76.750425	Solan
569	31.04286	76.733722	Solan
570	31.042868	76.733722	Solan
571	31.042857	76.733759	Solan
572	31.042704	76.733811	Solan
573	31.042859	76.733718	Solan
574	31.042682	76.73391	Solan
575	31.042725	76.733841	Solan
576	31.042849	76.733722	Solan
577	31.028299	76.709059	Solan
578	31.028253	76.709015	Solan
579	30.969181	77.20462	Solan
580	30.905865	77.140507	Solan
581	30.907969	77.140542	Solan
582	30.996288	77.172852	Solan
583	30.995739	77.172369	Solan
584	30.995804	77.172397	Solan
585	30.907783	77.140053	Solan
586	30.907791	77.140032	Solan
587	30.907869	77.139979	Solan
588	30.90782	77.139996	Solan
589	30.907952	77.140162	Solan
590	30.907367	77.139516	Solan
591	30.907849	77.140027	Solan
592	31.028588	76.704517	Solan
593	30.988763	77.150619	Solan
594	30.98895	77.150137	Solan
595	30.89530905	77.06855466	Solan
596	30.968302	77.201977	Solan
597	30.969113	77.202997	Solan
598	30.935073	76.962326	Solan
599	30.935073	76.962326	Solan
600	30.935073	76.962326	Solan
601	30.906835	77.1406	Solan
602	30.905883	77.14061	Solan
603	30.905858	77.140643	Solan
604	30.905927	77.14081	Solan
605	30.905927	77.140748	Solan
606	30.905898	77.140758	Solan
607	30.905855	77.140483	Solan
608	30.905821	77.140467	Solan
609	30.90788	77.140078	Solan
610	30.907847	77.140022	Solan
611	30.907749	77.140098	Solan
612	30.907865	77.14025	Solan
613	30.907904	77.140246	Solan
614	30.90774	77.140117	Solan
615	30.907759	77.140095	Solan
616	30.906027	77.1405	Solan
617	30.905889	77.140521	Solan
618	30.905898	77.140758	Solan
619	30.905927	77.14081	Solan
620	30.905826	77.140653	Solan
621	30.932737	77.084995	Solan
622	30.96999	76.960813	Solan
623	30.985279	77.141624	Solan
624	30.985331	77.141632	Solan
625	30.985262	77.141606	Solan
626	30.985246	77.14151	Solan
627	30.985195	77.141578	Solan
628	30.985164	77.141626	Solan
629	30.985178	77.141661	Solan
630	30.985222	77.141483	Solan
631	30.985184	77.141611	Solan
632	30.985174	77.141585	Solan
633	30.985107	77.141542	Solan
634	30.985227	77.141581	Solan
635	30.985196	77.141538	Solan
636	30.985246	77.141482	Solan
637	30.98519	77.141529	Solan
638	30.985324	77.141464	Solan
639	30.985337	77.141476	Solan
640	30.985216	77.141417	Solan
641	30.985222	77.141431	Solan
642	30.988294	77.145903	Solan
643	30.985336	77.141509	Solan
644	30.985377	77.141558	Solan
645	30.988309	77.145254	Solan
646	30.988563	77.145154	Solan
647	30.988523	77.145143	Solan
648	30.988544	77.145142	Solan
649	30.988552	77.145127	Solan
650	30.98851	77.145167	Solan
651	30.988487	77.145164	Solan
652	30.988481	77.145178	Solan
653	30.988566	77.145284	Solan
654	30.988565	77.145297	Solan
655	30.988552	77.145211	Solan
656	30.988537	77.14521	Solan
657	30.988458	77.145045	Solan
658	30.988531	77.145162	Solan
659	30.988517	77.145194	Solan
660	30.988512	77.145225	Solan
661	30.988501	77.145381	Solan
662	30.988516	77.145356	Solan
663	30.988514	77.145301	Solan
664	30.98852	77.14524	Solan
665	30.988536	77.145355	Solan
666	30.988566	77.145369	Solan
667	30.988634	77.145372	Solan
668	30.98881	77.144741	Solan
669	30.988482	77.145382	Solan
670	30.98847	77.145378	Solan
671	30.98847	77.145375	Solan
672	30.988485	77.145385	Solan
673	30.98841	77.145368	Solan
674	30.988401	77.145481	Solan
675	30.988399	77.145452	Solan
676	30.9884	77.145445	Solan
677	30.988405	77.145486	Solan
678	30.988398	77.145506	Solan
679	30.988401	77.145504	Solan
680	30.988377	77.145592	Solan
681	30.990318	77.152573	Solan
682	30.989576	77.152337	Solan
683	30.988573	77.150708	Solan
684	30.988598	77.150675	Solan
685	30.989189	77.151741	Solan
686	30.989759	77.152518	Solan
687	30.990328	77.152323	Solan
688	30.990315	77.152323	Solan
689	30.988718	77.151415	Solan
690	30.988755	77.150566	Solan
691	30.988539	77.150613	Solan
692	30.988997	77.150146	Solan
693	30.972254	77.112654	Solan
694	30.967851	77.201843	Solan
695	30.968489	77.20262	Solan
696	30.907831	77.1401	Solan
697	30.99595	77.172153	Solan
698	30.996155	77.172123	Solan
699	30.996301	77.17193	Solan
700	30.996288	77.17191	Solan
701	30.996207	77.171923	Solan
702	30.996252	77.171889	Solan
703	30.996668	77.172044	Solan
704	31.00473	77.15389	Solan
705	30.988349	77.143663	Solan
706	30.988851	77.150579	Solan
707	31.012093	76.938459	Solan
708	31.004789	77.152979	Solan
709	31.004722	77.153025	Solan
710	30.967143	76.958462	Solan
711	30.96736	76.957645	Solan
712	31.012113	76.938477	Solan
713	31.012021	76.93851	Solan
714	30.996473	77.171765	Solan
715	30.996404	77.171886	Solan
716	30.996559	77.172407	Solan
717	30.996286	77.172983	Solan
718	31.004403	77.152773	Solan
719	31.004355	77.15271	Solan
720	31.004395	77.152778	Solan
721	31.004395	77.152778	Solan
722	31.004341	77.154775	Solan
723	31.004437	77.155652	Solan
724	31.004431	77.155637	Solan
725	31.004569	77.154784	Solan
726	31.004437	77.155652	Solan
727	31.004378	77.154795	Solan
728	30.991361	77.133996	Solan
729	31.029379	76.705124	Solan
730	31.029329	76.705107	Solan
731	30.991249	77.13456	Solan
732	30.985224	76.981424	Solan
733	31.02895	76.704474	Solan
734	31.028828	76.704519	Solan
735	30.968971	77.204353	Solan
736	30.969034	77.204292	Solan
737	30.968969	77.204384	Solan
738	30.968675	76.953284	Solan
739	30.967458	76.955793	Solan
740	30.968487	76.953422	Solan
741	30.888612	77.057526	Solan
742	30.961059	76.975287	Solan
743	31.049496	76.7744	Solan
744	31.049496	76.7744	Solan
745	31.049496	76.7744	Solan
746	31.049496	76.7744	Solan
747	30.907862	77.14011	Solan
748	30.904277	77.023026	Solan
749	30.904596	77.022774	Solan
750	30.904277	77.023017	Solan
751	30.904272	77.023026	Solan
752	30.995092	77.161632	Solan
753	31.028588	76.704518	Solan
754	30.989856	77.134997	Solan
755	30.907917	77.140201	Solan
756	30.907801	77.140119	Solan
757	30.907929	77.140197	Solan
758	30.991249	77.13456	Solan
759	30.907915	77.140253	Solan
760	30.907983	77.140243	Solan
761	30.907841	77.140084	Solan
762	30.907818	77.140342	Solan
763	30.991361	77.133996	Solan
764	30.907735	77.14014	Solan
765	30.906827	77.140682	Solan
766	30.906835	77.14065	Solan
767	30.906828	77.140689	Solan
768	30.907838	77.139854	Solan
769	30.90785	77.139893	Solan
770	30.906864	77.140688	Solan
771	30.996048	77.172773	Solan
772	31.040124	76.74959	Solan
773	31.02709	76.711132	Solan
774	31.027101	76.711132	Solan
775	30.996503	77.172696	Solan
776	30.996471	77.17274	Solan
777	30.903713	77.143303	Solan
778	30.909454	77.154808	Solan
779	30.906995	77.144382	Solan
780	30.903776	77.140427	Solan
781	30.988916	77.150454	Solan
782	30.988974	77.150159	Solan
783	30.988955	77.150243	Solan
784	31.163626	77.011285	Solan
785	30.907929	77.140197	Solan
786	30.907915	77.140253	Solan
787	30.907983	77.140243	Solan
788	30.907841	77.140084	Solan
789	30.907801	77.140119	Solan
790	30.907818	77.140342	Solan
791	30.907917	77.140201	Solan
792	31.029167	76.704644	Solan
793	31.02916	76.704639	Solan
794	30.995911	77.170617	Solan
795	30.922782	77.097733	Solan
796	30.922719	77.097797	Solan
797	30.898466	77.055872	Solan
798	30.996275	77.172036	Solan
799	30.996405	77.171765	Solan
800	30.996702	77.171693	Solan
801	30.996432	77.171774	Solan
802	30.995912	77.170612	Solan
803	30.995938	77.170545	Solan
804	30.906442	77.140098	Solan
805	30.906377	77.14015	Solan
806	30.906338	77.14003	Solan
807	30.906365	77.140094	Solan
808	30.906337	77.140012	Solan
809	30.906158	77.140279	Solan
810	30.906172	77.140272	Solan
811	30.906293	77.140078	Solan
812	30.907831	77.140114	Solan
813	30.90779	77.140117	Solan
814	30.907812	77.140087	Solan
815	30.907835	77.14009	Solan
816	30.907855	77.140107	Solan
817	30.907875	77.140075	Solan
818	30.906418	77.140078	Solan
819	30.987148	77.206745	Solan
820	30.987017	77.206672	Solan
821	30.987129	77.206481	Solan
822	30.987169	77.206631	Solan
823	30.9869	77.206769	Solan
824	30.982786	77.2036	Solan
825	30.961012	77.198136	Solan
826	30.987123	77.206473	Solan
827	30.977254	77.182457	Solan
828	30.961018	77.198098	Solan
829	30.977387	77.182578	Solan
830	30.987019	77.206675	Solan
831	30.975564	77.181429	Solan
832	30.975441	77.162869	Solan
833	30.987264	77.206771	Solan
834	30.975564	77.181401	Solan
835	30.987106	77.206463	Solan
836	31.027604	77.106347	Solan
837	30.992756	77.148841	Solan
838	31.027743	77.108963	Solan
839	30.987091	77.206424	Solan
840	30.987131	77.206428	Solan
841	30.987217	77.206877	Solan
842	30.987226	77.206729	Solan
843	30.987208	77.206743	Solan
844	30.987208	77.206741	Solan
845	30.987209	77.206767	Solan
846	30.923261	77.098135	Solan
847	30.86353	77.1216	Solan
848	31.040244	76.749324	Solan
849	30.907818	77.140094	Solan
850	30.90764	77.140053	Solan
851	30.90779	77.140109	Solan
852	30.907782	77.140162	Solan
853	30.907893	77.14022	Solan
854	30.922592	77.097685	Solan
855	30.922591	77.097681	Solan
856	30.92259	77.097686	Solan
857	30.922592	77.097685	Solan
858	30.922654	77.097697	Solan
859	30.968748	77.204704	Solan
860	30.907969	77.140184	Solan
861	30.9271	77.133955	Solan
862	31.029442	76.704607	Solan
863	31.02918	76.704655	Solan
864	31.029364	76.704669	Solan
865	31.040199	76.749493	Solan
866	30.905811	77.141351	Solan
867	30.908493	77.133566	Solan
868	30.90846	77.13359	Solan
869	30.90856	77.135403	Solan
870	30.905967	77.140917	Solan
871	30.90589	77.14088	Solan
872	31.073923	76.879355	Solan
873	31.073682	76.879552	Solan
874	31.074025	76.87949	Solan
875	31.074071	76.879501	Solan
876	30.90589	77.14088	Solan
877	30.905967	77.140917	Solan
878	30.906641	77.133712	Solan
879	30.906674	77.133938	Solan
880	31.029432	76.704627	Solan
881	31.029367	76.704607	Solan
882	31.029403	76.70464	Solan
883	31.029274	76.704791	Solan
884	31.029139	76.704728	Solan
885	31.029175	76.704679	Solan
886	31.028669	76.70442	Solan
887	31.028467	76.704415	Solan
888	31.028487	76.704401	Solan
889	31.028511	76.704411	Solan
890	31.028601	76.704487	Solan
891	31.028552	76.704491	Solan
892	31.028543	76.704488	Solan
893	31.028549	76.704509	Solan
894	31.028738	76.704677	Solan
895	31.028738	76.704677	Solan
896	31.02883	76.704829	Solan
897	31.029294	76.705131	Solan
898	31.028925	76.705572	Solan
899	31.028935	76.705569	Solan
900	31.028948	76.705559	Solan
901	31.028942	76.705558	Solan
902	30.904278	77.022882	Solan
903	30.983589	77.155886	Solan
904	31.049467	76.773681	Solan
905	31.049435	76.773642	Solan
906	31.04943	76.773651	Solan
907	31.04943	76.773855	Solan
908	30.90863	77.134748	Solan
909	30.908626	77.13578	Solan
910	30.908607	77.135746	Solan
911	30.908602	77.138329	Solan
912	30.908582	77.1382	Solan
913	30.90872	77.136125	Solan
914	30.908663	77.13609	Solan
915	30.989856	77.134997	Solan
916	30.907153	77.140487	Solan
917	30.906947	77.140459	Solan
918	30.907887	77.140257	Solan
919	30.907881	77.140332	Solan
920	30.907656	77.139745	Solan
921	30.907892	77.140191	Solan
922	30.907939	77.140278	Solan
923	30.928087	77.088239	Solan
924	30.928622	77.090143	Solan
925	30.929474	77.089532	Solan
926	30.928541	77.090181	Solan
927	30.929365	77.088593	Solan
928	30.92846	77.088178	Solan
929	30.929557	77.088783	Solan
930	30.928142	77.088328	Solan
931	30.907914	77.140184	Solan
932	30.907847	77.140239	Solan
933	30.907929	77.140279	Solan
934	30.907593	77.139985	Solan
935	30.908003	77.14032	Solan
936	30.927064	77.133596	Solan
937	30.907111	77.140446	Solan
938	30.840008	76.945546	Solan
939	30.839983	76.945569	Solan
940	30.839916	76.945606	Solan
941	30.839903	76.945556	Solan
942	30.839901	76.945546	Solan
943	30.839929	76.945547	Solan
944	30.839932	76.945543	Solan
945	30.905777	77.140566	Solan
946	30.905892	77.140488	Solan
947	30.905905	77.14061	Solan
948	30.907756	77.139948	Solan
949	30.905965	77.140629	Solan
950	30.90784	77.140222	Solan
951	30.905908	77.140608	Solan
952	30.905948	77.140802	Solan
953	30.905924	77.14036	Solan
954	30.905956	77.140765	Solan
955	31.012139	76.938414	Solan
956	30.911095	77.139583	Solan
957	30.911156	77.139562	Solan
958	30.911194	77.139603	Solan
959	30.91128	77.139542	Solan
960	30.911884	77.138101	Solan
961	30.911843	77.138248	Solan
962	30.91193	77.13793	Solan
963	30.91193	77.13793	Solan
964	30.912732	77.138108	Solan
965	30.912652	77.13812	Solan
966	30.911909	77.137722	Solan
967	30.912105	77.138202	Solan
968	30.912116	77.138168	Solan
969	30.911964	77.137846	Solan
970	30.91122	77.139874	Solan
971	30.908221	77.140474	Solan
972	30.908301	77.140448	Solan
973	30.908875	77.140791	Solan
974	30.911414	77.139028	Solan
975	30.908102	77.141458	Solan
976	30.908071	77.141397	Solan
977	30.908093	77.141508	Solan
978	30.908093	77.141508	Solan
979	30.969091	77.203115	Solan
980	30.896172	77.023039	Solan
981	31.15859	76.690631	Solan
982	31.158416	76.690757	Solan
983	31.15859	76.690631	Solan
984	31.040943	76.716124	Solan
985	31.040946	76.716102	Solan
986	31.040912	76.716114	Solan
987	31.044921	76.718212	Solan
988	31.046548	76.716429	Solan
989	31.046462	76.715501	Solan
990	31.046521	76.716645	Solan
991	31.046011	76.717369	Solan
992	31.046016	76.717569	Solan
993	31.045691	76.717954	Solan
994	31.045544	76.718072	Solan
995	30.908685	77.136165	Solan
996	30.908553	77.1351	Solan
997	30.90896	77.144042	Solan
998	30.909138	77.144071	Solan
999	30.896367	77.148239	Solan
1000	30.969443	77.203551	Solan
1001	30.969448	77.203553	Solan
1002	30.969436	77.203559	Solan
1003	30.969329	77.203683	Solan
1004	30.969326	77.203683	Solan
1005	30.906117	77.14028	Solan
1006	30.906317	77.140247	Solan
1007	30.906192	77.140306	Solan
1008	30.906143	77.140313	Solan
1009	30.906695	77.140207	Solan
1010	30.906569	77.140047	Solan
1011	30.906431	77.140052	Solan
1012	30.90671	77.139232	Solan
1013	30.906638	77.140133	Solan
1014	31.028772	76.704644	Solan
1015	31.028481	76.704416	Solan
1016	31.028489	76.704439	Solan
1017	31.02855	76.704372	Solan
1018	31.028543	76.704394	Solan
1019	30.896826	77.100542	Solan
1020	30.917274	77.151932	Solan
1021	30.908171	77.130927	Solan
1022	30.908195	77.130964	Solan
1023	30.908187	77.130977	Solan
1024	30.908173	77.130943	Solan
1025	30.907896	77.13076	Solan
1026	30.906318	77.12936	Solan
1027	30.908351	77.132578	Solan
1028	30.908703	77.133576	Solan
1029	30.908672	77.138106	Solan
1030	30.908666	77.138108	Solan
1031	30.90866	77.138071	Solan
1032	30.908188	77.130965	Solan
1033	30.908639	77.133585	Solan
1034	30.908208	77.130901	Solan
1035	30.908644	77.133561	Solan
1036	30.908641	77.133468	Solan
1037	30.908663	77.138051	Solan
1038	30.908716	77.133524	Solan
1039	30.918437	77.135623	Solan
1040	30.906827	77.139554	Solan
1041	30.905487	77.141265	Solan
1042	30.905684	77.140212	Solan
1043	30.905269	77.141455	Solan
1044	30.905222	77.141754	Solan
1045	30.905315	77.141405	Solan
1046	30.98874	77.150773	Solan
1047	30.905612	77.140621	Solan
1048	30.970119	77.204094	Solan
1049	30.97011	77.204086	Solan
1050	31.074872	76.8766	Solan
1051	30.969156	77.20517	Solan
1052	31.066537	76.691259	Solan
1053	31.074011	76.879832	Solan
1054	31.045322	76.718114	Solan
1055	31.02867	76.704437	Solan
1056	31.046003	76.717464	Solan
1057	31.046186	76.715681	Solan
1058	31.046307	76.71679	Solan
1059	31.04595	76.717585	Solan
1060	31.029123	76.703528	Solan
1061	31.028578	76.7045174	Solan
1062	31.028558	76.704367	Solan
1063	31.029004	76.704526	Solan
1064	30.922327	77.1285662	Solan
1065	31.046255	76.715553	Solan
1066	31.046481	76.716664	Solan
1067	31.046127	76.715776	Solan
1068	31.029225	76.704206	Solan
1069	31.04612	76.717273	Solan
1070	31.046324	76.716867	Solan
1071	31.046061	76.715973	Solan
1072	31.046506	76.715558	Solan
1073	31.045701	76.717916	Solan
1074	31.045326	76.718114	Solan
1075	31.029117	76.705537	Solan
1076	31.046375	76.716752	Solan
1077	31.045703	76.717915	Solan
1078	31.045426	76.718117	Solan
1079	31.029087	76.705525	Solan
1080	31.045327	76.718119	Solan
1081	31.04591	76.717648	Solan
1082	31.046557	76.716622	Solan
1083	31.04619	76.715812	Solan
1084	31.045697	76.717919	Solan
1085	31.028687	76.704572	Solan
1086	31.15859	76.690631	Solan
1087	31.15859	76.690631	Solan
1088	31.122755	76.655767	Solan
1089	31.12267	76.655768	Solan
1090	31.042209	76.717417	Solan
1091	30.954955	77.108546	Solan
1092	31.028627	76.70537	Solan
1093	30.98882	77.150517	Solan
1094	30.969814	77.203842	Solan
1095	31.027724	77.105938	Solan
1096	31.027746	77.105918	Solan
1097	30.993112	77.148822	Solan
1098	31.027493	77.106434	Solan
1099	30.993069	77.148863	Solan
1100	30.983124	77.20376	Solan
1101	30.983139	77.203777	Solan
1102	30.983117	77.203771	Solan
1103	30.983091	77.203733	Solan
1104	30.987139	77.203762	Solan
1105	30.983023	77.20376	Solan
1106	30.982878	77.203484	Solan
1107	30.983113	77.208745	Solan
1108	30.982835	77.203461	Solan
1109	30.98285	77.203473	Solan
1110	30.982819	77.203478	Solan
1111	30.986933	77.206882	Solan
1112	30.982845	77.20342	Solan
1113	30.986911	77.206868	Solan
1114	30.9869	77.206868	Solan
1115	30.986909	77.206901	Solan
1116	30.986968	77.206992	Solan
1117	30.986658	77.207014	Solan
1118	30.986643	77.207022	Solan
1119	30.986684	77.206992	Solan
1120	30.986517	77.207027	Solan
1121	30.986235	77.206971	Solan
1122	30.986169	77.206963	Solan
1123	30.95059	77.207149	Solan
1124	30.986625	77.20715	Solan
1125	30.986619	77.207456	Solan
1126	30.986626	77.207133	Solan
1127	30.986643	77.207149	Solan
1128	30.986624	77.207137	Solan
1129	30.986654	77.207155	Solan
1130	30.986658	77.207166	Solan
1131	30.98669	77.20717	Solan
1132	30.986657	77.207172	Solan
1133	30.986665	77.207175	Solan
1134	30.986689	77.207195	Solan
1135	30.986674	77.207215	Solan
1136	30.98671	77.207224	Solan
1137	30.98674	77.207315	Solan
1138	30.986702	77.207203	Solan
1139	30.986793	77.207307	Solan
1140	30.986777	77.207333	Solan
1141	30.986776	77.207187	Solan
1142	30.986853	77.207222	Solan
1143	30.986828	77.207229	Solan
1144	30.986878	77.207236	Solan
1145	30.986862	77.207223	Solan
1146	30.986875	77.207221	Solan
1147	30.986875	77.207219	Solan
1148	30.986847	77.207121	Solan
1149	30.986864	77.207196	Solan
1150	30.986853	77.207122	Solan
1151	30.986964	77.206977	Solan
1152	30.986924	77.206889	Solan
1153	30.986915	77.206894	Solan
1154	30.98693	77.206889	Solan
1155	30.986927	77.206894	Solan
1156	30.98693	77.206881	Solan
1157	30.986918	77.206883	Solan
1158	30.986915	77.206878	Solan
1159	30.986838	77.206779	Solan
1160	30.987139	77.206843	Solan
1161	30.987143	77.206844	Solan
1162	30.987143	77.206844	Solan
1163	30.987141	77.206832	Solan
1164	30.98715	77.206796	Solan
1165	30.987141	77.206827	Solan
1166	30.987149	77.206777	Solan
1167	30.987148	77.206797	Solan
1168	30.987141	77.20679	Solan
1169	30.932678	77.084945	Solan
1170	30.908428	77.131234	Solan
1171	30.908589	77.133587	Solan
1172	30.908495	77.133644	Solan
1173	30.907266	77.140068	Solan
1174	30.907438	77.13827	Solan
1175	30.908921	77.138989	Solan
1176	30.907266	77.140068	Solan
1177	30.908532	77.138629	Solan
1178	30.908532	77.138629	Solan
1179	30.903071	77.140427	Solan
1180	30.969651	77.203167	Solan
1181	30.905817	77.14053	Solan
1182	30.90579	77.140535	Solan
1183	30.905789	77.140623	Solan
1184	30.90578	77.14061	Solan
1185	30.905788	77.140608	Solan
1186	30.905847	77.140648	Solan
1187	30.905863	77.14071	Solan
1188	30.905863	77.14071	Solan
1189	30.905855	77.140698	Solan
1190	30.905828	77.140623	Solan
1191	30.905848	77.140592	Solan
1192	30.905863	77.14071	Solan
1193	30.905863	77.14071	Solan
1194	30.905875	77.140452	Solan
1195	30.905815	77.140599	Solan
1196	30.906367	77.139973	Solan
1197	30.905885	77.140468	Solan
1198	30.906429	77.140079	Solan
1199	30.905847	77.140648	Solan
1200	30.906215	77.140114	Solan
1201	30.906339	77.140052	Solan
1202	30.906727	77.140705	Solan
1203	30.907428	77.139829	Solan
1204	30.906157	77.139837	Solan
1205	30.906742	77.140682	Solan
1206	30.907792	77.140211	Solan
1207	30.90788	77.140108	Solan
1208	30.90627	77.139958	Solan
1209	30.906677	77.1407	Solan
1210	30.906648	77.140606	Solan
1211	30.904347	77.022906	Solan
1212	30.907945	77.140277	Solan
1213	30.907911	77.140246	Solan
1214	30.907917	77.140291	Solan
1215	30.9271	77.133955	Solan
1216	30.907788	77.140091	Solan
1217	30.907839	77.140611	Solan
1218	30.90778	77.140804	Solan
1219	30.90773	77.14079	Solan
1220	30.972707	77.11336	Solan
1221	30.972971	77.113426	Solan
1222	30.972756	77.113391	Solan
1223	30.972801	77.113294	Solan
1224	30.972867	77.113433	Solan
1225	30.988961	77.150182	Solan
1226	30.988958	77.150145	Solan
1227	30.989078	77.149785	Solan
1228	30.989118	77.149909	Solan
1229	30.989221	77.151865	Solan
1230	30.989952	77.152167	Solan
1231	30.989735	77.152333	Solan
1232	30.990207	77.152908	Solan
1233	30.990363	77.152148	Solan
1234	30.990232	77.152364	Solan
1235	30.988356	77.145651	Solan
1236	30.990403	77.145533	Solan
1237	30.907656	77.139745	Solan
1238	30.907593	77.139985	Solan
1239	30.928087	77.088239	Solan
1240	30.928142	77.088328	Solan
1241	30.928622	77.090143	Solan
1242	30.929557	77.088783	Solan
1243	30.929474	77.089532	Solan
1244	30.92846	77.088178	Solan
1245	30.928541	77.090181	Solan
1246	30.929365	77.088593	Solan
1247	30.907153	77.140487	Solan
1248	30.906947	77.140459	Solan
1249	30.907887	77.140257	Solan
1250	30.908003	77.14032	Solan
1251	30.907881	77.140332	Solan
1252	30.908687	77.130474	Solan
1253	30.908711	77.133418	Solan
1254	30.9087	77.133588	Solan
1255	30.90873	77.133599	Solan
1256	30.908748	77.134685	Solan
1257	30.908733	77.134872	Solan
1258	30.908676	77.134884	Solan
1259	30.90871	77.135665	Solan
1260	30.90871	77.135665	Solan
1261	30.908819	77.135944	Solan
1262	30.908657	77.138304	Solan
1263	30.908683	77.138333	Solan
1264	30.908602	77.138337	Solan
1265	30.908748	77.134685	Solan
1266	30.908733	77.134872	Solan
1267	30.908414	77.135075	Solan
1268	30.9087	77.135733	Solan
1269	30.908723	77.135702	Solan
1270	30.908709	77.135678	Solan
1271	30.908613	77.138322	Solan
1272	30.908562	77.134836	Solan
1273	30.908548	77.134831	Solan
1274	30.908531	77.134935	Solan
1275	30.908522	77.134937	Solan
1276	30.908522	77.134947	Solan
1277	30.908576	77.134916	Solan
1278	30.905804	77.140581	Solan
1279	30.905836	77.140595	Solan
1280	30.905845	77.140582	Solan
1281	30.90587	77.140726	Solan
1282	30.905889	77.140782	Solan
1283	30.905873	77.140737	Solan
1284	30.905889	77.140621	Solan
1285	30.90587	77.140726	Solan
1286	30.905857	77.140606	Solan
1287	30.905869	77.140582	Solan
1288	30.905845	77.14064	Solan
1289	30.905842	77.14077	Solan
1290	30.90583	77.140771	Solan
1291	30.905911	77.14084	Solan
1292	30.905883	77.14067	Solan
1293	30.905878	77.14074	Solan
1294	30.905886	77.140663	Solan
1295	30.905849	77.140619	Solan
1296	30.905807	77.140569	Solan
1297	30.905807	77.140569	Solan
1298	30.905887	77.140852	Solan
1299	30.905911	77.140846	Solan
1300	30.905848	77.140652	Solan
1301	30.905846	77.140688	Solan
1302	30.905878	77.140728	Solan
1303	30.905862	77.14065	Solan
1304	30.905868	77.140802	Solan
1305	30.907593	77.144286	Solan
1306	30.907587	77.144292	Solan
1307	30.907515	77.144293	Solan
1308	30.907812	77.144283	Solan
1309	30.907251	77.144191	Solan
1310	30.907461	77.144256	Solan
1311	30.969372	77.203463	Solan
1312	30.969459	77.203438	Solan
1313	30.907965	77.140222	Solan
1314	30.908156	77.140089	Solan
1315	31.02916	76.704639	Solan
1316	31.029167	76.704644	Solan
1317	31.029087	76.705525	Solan
1318	31.046061	76.715973	Solan
1319	31.046127	76.715776	Solan
1320	31.04619	76.715812	Solan
1321	31.04591	76.717648	Solan
1322	31.045703	76.717915	Solan
1323	31.04612	76.717273	Solan
1324	31.046178	76.715608	Solan
1325	31.046124	76.715901	Solan
1326	31.045322	76.718114	Solan
1327	31.046481	76.716664	Solan
1328	31.046324	76.716867	Solan
1329	31.04595	76.717585	Solan
1330	31.045697	76.717919	Solan
1331	31.046003	76.717464	Solan
1332	31.046375	76.716752	Solan
1333	31.046557	76.716622	Solan
1334	31.046255	76.715553	Solan
1335	31.045327	76.718119	Solan
1336	31.045326	76.718114	Solan
1337	31.046168	76.71564	Solan
1338	31.045701	76.717916	Solan
1339	31.045875	76.717719	Solan
1340	31.046506	76.715558	Solan
1341	30.907818	77.140342	Solan
1342	30.907917	77.140201	Solan
1343	30.907841	77.140084	Solan
1344	30.907801	77.140119	Solan
1345	30.907915	77.140253	Solan
1346	30.907983	77.140243	Solan
1347	30.907929	77.140197	Solan
1348	31.028558	76.704367	Solan
1349	31.029445	76.7079	Solan
1350	31.02908	76.70451	Solan
1351	31.02867	76.704437	Solan
1352	31.028651	76.703907	Solan
1353	31.028974	76.705478	Solan
1354	31.029117	76.705537	Solan
1355	31.028583	76.704927	Solan
1356	31.029123	76.703528	Solan
1357	31.028578	76.704517	Solan
1358	31.029287	76.704633	Solan
1359	30.907856	77.140126	Solan
1360	30.922327	77.128562	Solan
1361	31.028572	76.704553	Solan
1362	31.028948	76.704525	Solan
1363	31.029004	76.704526	Solan
1364	30.903397	77.143663	Solan
1365	31.029225	76.704206	Solan
1366	30.909309	77.15337	Solan
1367	31.045297	76.718159	Solan
1368	31.046307	76.71679	Solan
1369	31.045426	76.718117	Solan
1370	31.046186	76.715681	Solan
1371	31.042986	76.701152	Solan
1372	31.029516	76.704512	Solan
1373	31.104598	77.0270285	Solan
1374	30.895813	77.066164	Solan
1375	31.122654	76.655636	Solan
1376	30.907965	77.140222	Solan
1377	30.908156	77.140089	Solan
1378	30.901211	77.061686	Solan
1379	30.901037	77.05976	Solan
1380	30.901185	77.059487	Solan
1381	30.901281	77.059488	Solan
1382	30.901192	77.059566	Solan
1383	30.901648	77.060422	Solan
1384	30.901197	77.059527	Solan
1385	30.896925	77.067222	Solan
1386	30.901409	77.060964	Solan
1387	31.028544	76.704399	Solan
1	31.730607	76.826837	Mandi
2	31.67807	77.285882	Mandi
3	31.730923	76.808835	Mandi
4	31.731312	76.814108	Mandi
5	31.730717	76.821804	Mandi
6	31.730827	76.822773	Mandi
7	31.730428	76.810285	Mandi
8	31.730838	76.809863	Mandi
9	31.73078	76.823137	Mandi
10	31.730723	76.821638	Mandi
11	31.730514	76.822987	Mandi
12	31.730847	76.826493	Mandi
13	31.730999	76.823243	Mandi
14	31.731058	76.823077	Mandi
15	31.730612	76.828308	Mandi
16	31.731156	76.824571	Mandi
17	31.73078	76.823137	Mandi
18	31.73075	76.807825	Mandi
19	31.729996	76.815832	Mandi
20	31.73089	76.820818	Mandi
21	31.731547	76.824333	Mandi
22	31.731058	76.823077	Mandi
23	31.731156	76.824571	Mandi
24	31.731141	76.824568	Mandi
25	31.730674	76.827168	Mandi
26	31.731267	76.825235	Mandi
27	31.730761	76.826555	Mandi
28	31.731237	76.824827	Mandi
29	31.780913	76.826102	Mandi
30	31.731255	76.823053	Mandi
31	31.731274	76.824997	Mandi
32	31.73115	76.823185	Mandi
33	31.731158	76.823004	Mandi
34	31.730791	76.823145	Mandi
35	31.729857	76.822324	Mandi
36	31.729827	76.82232	Mandi
37	31.730131	76.823006	Mandi
38	31.729918	76.823183	Mandi
39	31.729951	76.822721	Mandi
40	31.729896	76.822679	Mandi
41	31.730512	76.821912	Mandi
42	31.728634	76.817447	Mandi
43	31.731065	76.823071	Mandi
1	32.548531	75.949434	Chamba
2	32.671402	75.964275	Chamba
3	32.671142	75.964422	Chamba
4	32.671142	75.964422	Chamba
5	32.669885	75.964304	Chamba
6	32.683064	75.942774	Chamba
7	32.684666	75.943278	Chamba
8	32.684559	75.943346	Chamba
9	32.685906	75.941244	Chamba
10	32.685993	75.9414	Chamba
1	31.029284	76.705157	Nalagarh
1	31.029284	76.705157	Nalagarh
1	31.029284	76.705157	Nalagarh
1	31.029284	76.705157	Nalagarh
1	31.70308	76.525876	Hamirpur
2	31.625076	76.711641	Hamirpur
3	31.702915	76.525931	Hamirpur
1	32.042729	76.728028	Kangra
2	32.044313	76.727401	Kangra
3	32.043709	76.726598	Kangra
4	32.043887	76.72708	Kangra
5	32.043652	76.727407	Kangra
6	32.043613	76.727379	Kangra
7	32.043941	76.727632	Kangra
8	32.043533	76.727704	Kangra
9	32.050103	76.721093	Kangra
10	32.049854	76.720891	Kangra
11	32.04993	76.720926	Kangra
12	32.050053	76.721164	Kangra
1	31.457307	78.694376	Kinnaur
1	32.31817	77.207752	Kullu
2	31.96636	77.345414	Kullu
3	31.910626	77.120499	Kullu
4	31.914984	77.127001	Kullu
5	31.909985	77.131884	Kullu
6	31.910009	77.131898	Kullu
7	31.909978	77.131895	Kullu
8	31.561111	77.515797	Kullu
9	31.55414	77.52508	Kullu
10	31.560853	77.513999	Kullu
11	31.560846	77.513948	Kullu
12	31.560175	77.512762	Kullu
13	31.560581	77.513833	Kullu
14	31.560821	77.613985	Kullu
15	31.560775	77.514019	Kullu
16	31.560634	77.513805	Kullu
17	31.56111	77.515183	Kullu
18	31.561007	77.515294	Kullu
19	31.866529	77.145453	Kullu
20	32.233371	77.217647	Kullu
21	32.235336	77.219923	Kullu
22	32.22182	77.208092	Kullu
23	32.221901	77.208272	Kullu
24	32.222134	77.208048	Kullu
25	32.221796	77.208094	Kullu
26	32.22231	77.208207	Kullu
27	32.222121	77.207976	Kullu
28	32.222144	77.208198	Kullu
29	32.221874	77.208186	Kullu
30	32.222094	77.208456	Kullu
31	32.222154	77.208204	Kullu
32	32.222002	77.208425	Kullu
33	32.222165	77.206983	Kullu
34	32.222054	77.208508	Kullu
35	32.050066	77.721097	Kullu
36	32.233626	77.218215	Kullu
37	32.222041	77.207845	Kullu
38	32.224345	77.209452	Kullu
39	32.223956	77.209656	Kullu
40	32.1975199	77.2018916	Kullu
41	32.22273297	77.20204684	Kullu
42	32.22307454	77.20197749	Kullu
43	32.2223259	77.2167613	Kullu
44	32.22165541	77.21922379	Kullu
45	32.22271706	77.21651183	Kullu
46	32.22305669	77.21620655	Kullu
47	32.22298908	77.21617699	Kullu
48	32.22262236	77.21624162	Kullu
49	32.22267184	77.21644927	Kullu
50	32.2227789	77.21631451	Kullu
51	32.2226591	77.21644667	Kullu
52	32.22252451	77.21660294	Kullu
53	32.2224906	77.2169177	Kullu
54	32.22239041	77.21747408	Kullu
55	32.2167513	77.1921888	Kullu
56	32.222338	77.2167641	Kullu
57	32.22144283	77.21937757	Kullu
58	32.22131377	77.21947984	Kullu
59	32.22130482	77.21961393	Kullu
60	32.2213483	77.21945128	Kullu
61	32.22225914	77.21816245	Kullu
62	32.2212058	77.21965028	Kullu
63	32.22040788	77.22143045	Kullu
64	32.22054604	77.22186544	Kullu
65	32.22103001	77.21978643	Kullu
66	32.22120516	77.21965056	Kullu
67	32.22069444	77.22057374	Kullu
68	32.22134915	77.21945583	Kullu
69	32.22149252	77.21934101	Kullu
70	32.2235235	77.1936263	Kullu
71	32.22225841	77.21815373	Kullu
72	32.22131205	77.21946695	Kullu
73	32.22240477	77.21798764	Kullu
74	32.22251365	77.21688468	Kullu
75	32.22251733	77.21670452	Kullu
76	32.22255943	77.21649982	Kullu
77	32.22299503	77.21618245	Kullu
78	32.22298949	77.21617002	Kullu
79	32.22248826	77.21691751	Kullu
80	32.22252071	77.21607016	Kullu
81	32.22248858	77.21691699	Kullu
82	32.22232433	77.2182088	Kullu
83	32.218048	77.20197	Kullu
84	32.218077	77.201545	Kullu
85	32.217998	77.201767	Kullu
86	32.218047	77.201962	Kullu
87	32.218043	77.201976	Kullu
88	32.218219	77.201382	Kullu
89	32.21815	77.201425	Kullu
90	32.218233	77.201587	Kullu
91	32.218156	77.201528	Kullu
92	32.218019	77.201783	Kullu
93	32.217987	77.201233	Kullu
94	32.218055	77.201728	Kullu
95	32.217867	77.201938	Kullu
96	32.21785	77.201773	Kullu
97	32.21794	77.201612	Kullu
98	32.217933	77.201293	Kullu
99	32.217933	77.201293	Kullu
100	32.21804	77.201778	Kullu
101	32.218023	77.2018	Kullu
102	32.217965	77.201958	Kullu
103	32.218283	77.200608	Kullu
104	32.218094	77.201932	Kullu
105	32.218082	77.201946	Kullu
106	32.21807	77.201972	Kullu
107	32.218095	77.201967	Kullu
108	32.217697	77.196492	Kullu
109	32.218028	77.201858	Kullu
110	32.219569	77.203682	Kullu
111	32.22014	77.204387	Kullu
112	32.219825	77.20394	Kullu
113	32.218015	77.202117	Kullu
114	32.220215	77.20438	Kullu
115	32.219769	77.20371	Kullu
116	32.219441	77.203881	Kullu
117	32.219876	77.203861	Kullu
118	32.218074	77.201918	Kullu
119	32.219795	77.203687	Kullu
120	32.219732	77.203894	Kullu
121	32.219966	77.199736	Kullu
122	32.219443	77.203858	Kullu
123	32.219089	77.202476	Kulluk
124	32.220224	77.204477	Kullu
125	32.220845	77.206977	Kullu
126	32.221803	77.207696	Kullu
127	32.221803	77.207853	Kullu
128	32.21958	77.199376	Kullu
129	32.22002	77.203935	Kullu
130	32.221459	77.2007857	Kullu